Family,Species,Alpine,Montane,Foothills,Plains
Parnassian and Swallowtails,Rocky Mountain Parnassian,Aug-Sep,Jun-Sep,Jun-Jul,
Parnassian and Swallowtails,Black Swallowtail,,Jun-Jul,Apr-Jul,Aug-Sep
Parnassian and Swallowtails,Anise Swallowtail,,Apr-Jul,Apr-Jul,Mar-Jun
Parnassian and Swallowtails,Indra Swallowtail,,Jun-Jul,May-Jul,
Parnassian and Swallowtails,Western Tiger Swallowtail,,Jun-Aug,Apr-Aug,Jun-Aug
Parnassian and Swallowtails,Pale Swallowtail,,Jun-Aug,May-Aug,
Parnassian and Swallowtails,Two-tailed Swallowtail,,,Jun-Aug,Jul-Aug
Whites and Orangetip,Pine White,,Sep,Aug-Sep,
Whites and Orangetip,Checkered White,Jun-Aug,Jun-Aug,May-Aug,Mar-May
Whites and Orangetip,Western White,Jun-Aug,Jun-Aug,May-Aug,"Mar, Jun-Aug"
Whites and Orangetip,Spring White,,Jun,Apr-Jul,
Whites and Orangetip,Cabbage White,Sep,Aug,Mar-Aug,Apr-Aug
Whites and Orangetip,Margined White,Jul-Aug,Jul-Aug,Jun-Aug,
Whites and Orangetip,Large Marble,Aug-Sep,May-Aug,Apr-Aug,
Whites and Orangetip,Olympia Marble,,,Apr-Jun,"Mar, Jun"
Whites and Orangetip,Julia Orangetip,,May-Jun,Apr-Jun,
Sulphurs,Clouded Sulphur,"Jun, Aug-Sep",May-Aug,Apr-Aug,Mar-Aug
Sulphurs,Orange Sulphur,Jun-Sep,Jun-Aug,Apr-Aug,May-Aug
Sulphurs,Southern Dogface,,,,Aug
Sulphurs,Queen Alexandra's Sulphur,Jul-Aug,Jun-Aug,May-Aug,
Sulphurs,Mead's Sulphur,Aug-Sep,Aug,,
Sulphurs,Cloudless Sulphur,Jun,,,
Sulphurs,Mexican Yellow,,Jul-Aug,Jun-Jul,
Sulphurs,Sleepy Orange,Aug,Jun-Jul,,Jul
Sulphurs,Lyside Sulphur,,,,Jun
Sulphurs,Dainty Sulphur,,Jun-Aug,Apr-Aug,Jun-Sep
Commas Tortoiseshells Mourning Cloak,Satyr Comma,,,Jun,
Commas Tortoiseshells Mourning Cloak,Green Comma,,Jul-Aug,,
Commas Tortoiseshells Mourning Cloak,Hoary Comma,Jul,May-Aug,Mar-Sep,Apr
Commas Tortoiseshells Mourning Cloak,Milbert's Tortoiseshell,Jul-Aug,"Mar, Aug",Apr-Jun,Mar-Apr
Commas Tortoiseshells Mourning Cloak,California Tortoiseshell,,,Apr-May,
Commas Tortoiseshells Mourning Cloak,Mourning Cloak,,"Apr-Jul, Sep",Mar-Aug,Apr-Aug
Admirals Buckeye Ladies Emperor,Red Admiral,,"Jun, Aug",Apr-Aug,"Apr-May, Jul"
Admirals Buckeye Ladies Emperor,Weidemeyer's Admiral,,Jun-Aug,Apr-Sep,
Admirals Buckeye Ladies Emperor,Common Buckeye,,,Aug,Sep
Admirals Buckeye Ladies Emperor,Painted Lady,Apr-Aug,May-Aug,"Apr-Jun, Aug","Apr-Jun, Aug"
Admirals Buckeye Ladies Emperor,West Coast Lady,,,Jul,Sep
Admirals Buckeye Ladies Emperor,American Lady,,Jun-Aug,Apr-Aug,May
Admirals Buckeye Ladies Emperor,Hackberry Emperor,,,Jun-Aug,
Ringlet and Wood-Nymphs,Common (Ochre) Ringlet,,Jun-Sep,May-Aug,Jun
Ringlet and Wood-Nymphs,Common Wood-Nymph,,Jul-Aug,Jun-Aug,Jul
Ringlet and Wood-Nymphs,Small Wood-Nymph,,Jul-Aug,Jul-Aug,
Alpines and Arctics,Magdalena Alpine,Jun-Jul,,,
Alpines and Arctics,Common Alpine,,Jul-Aug,Jun-Aug,
Alpines and Arctics,Chryxus Arctic,,May-Jul,May-Jul,
Alpines and Arctics,Uhler's Arctic,,Jun,May,
Skippers,Silver-spotted Skipper,,,May-Aug,Aug
Skippers,Northern Cloudywing,,Jun-Jul,May-Jun,
Skippers,Dreamy Duskywing,,May-Jul,May,
Skippers,Pacuvius Duskywing,,Jun-Jul,May-Aug,
Skippers,Afranius Duskywing,,,Apr-Jun,
Coppers Elfins and Hairstreaks,Lustrous Copper,Jul-Aug,,,
Coppers Elfins and Hairstreaks,Bronze Copper,,,,Jun-Sep
Coppers Elfins and Hairstreaks,Ruddy Copper,,Aug-Sep,,
Coppers Elfins and Hairstreaks,Blue Copper,,Aug-Sep,Jul,"Jun, Aug"
Coppers Elfins and Hairstreaks,Purplish Copper,,Jul-Aug,,"Jun, Sep"
Coppers Elfins and Hairstreaks,Gray Copper,,,Jul-Aug,"Jun, Aug"
Coppers Elfins and Hairstreaks,Moss' Elfin,,,May-Jun,
Coppers Elfins and Hairstreaks,Hoary Elfin,,Jun,May-Jun,
Coppers Elfins and Hairstreaks,Western Pine Elfin,,"Mar-Apr, Jun-Jul",Apr-Jul,
Coppers Elfins and Hairstreaks,Brown Elfin,,"Mar-May, Jul","Jun, Aug",
Coppers Elfins and Hairstreaks,Western Green Hairstreak,,May-Jun,Apr-Jul,Apr
Coppers Elfins and Hairstreaks,White-lined Green Hrstrk,,May,Mar-May,Apr
Coppers Elfins and Hairstreaks,Juniper Hairstreak,,,Jun-Jul,
Coppers Elfins and Hairstreaks,Thicket Hairstreak,,Jun-Aug,"Apr-May, Jul-Sep",
Coppers Elfins and Hairstreaks,Coral Hairstreak,,,Jul-Aug,
Coppers Elfins and Hairstreaks,Striped Hairstreak,,Aug,Aug,
Coppers Elfins and Hairstreaks,Hedgerow Hairstreak,,Jul-Aug,Jun-Aug,
Coppers Elfins and Hairstreaks,Behr's Hairstreak,,,Jun-Jul,
Coppers Elfins and Hairstreaks,Gray Hairstreak,,Aug,Jun-Aug,Mar-Aug
Blues,Western Tailed-Blue,,Jun-Aug,Jun-Aug,Jul
Blues,Marine Blue,,Aug,Jun-Jul,
Blues,Western Pygmy Blue,,,,Sep
Blues,Shasta Blue,,Aug-Sep,,
Blues,Echo Azure,,Jun-Aug,May-Aug,
Blues,Hops Azure,,,Jun-Aug,
Blues,Arrowhead Blue,,Jul-Aug,May-Jul,
Blues,Silvery Blue,,Jun-Jul,May-Jul,
Blues,Rocky Mountain Dotted Blue,,"Jun, Aug",Jun-Jul,Jun
Skippers,Persius Duskywing,,May-Jul,May-Jun,Jul
Skippers,Grizzled Skipper,Aug-Sep,,,
Skippers,Two-banded Chkrd-Skppr,,May-Jun,,
Skippers,Common Checkered-skipper,,Jul-Aug,May-Jul,Apr-Sep
Skippers,Common Sootywing,,Jul,Apr-Jul,May
Skippers,Russet Skipperling,,Jul-Aug,Jun-Jul,Jul
Skippers,Least Skipper,,,,Jun-Aug
Skippers,Garita Skipperling,,Jul,Jun,
Skippers,Uncas Skipper,,,,May-Sep
Skippers,Juba Skipper,,,May-Jun,
Skippers,Western Branded Skipper,,Aug-Sep,Jun-Aug,
Skippers,Ottoe Skipper,,,,Jul
Skippers,Leonard's Skipper,,,,Sep
Skippers,Pahaska Skipper,,Jun-Jul,Jun,
Skippers,Green Skipper,,Jun,May-Jun,
Skippers,Nevada Skipper,,Jun-Jul,Jun,
Skippers,Peck's Skipper,,,,Aug-Sep
Skippers,Draco Skipper,Jul,Jun,Jun,
Skippers,Tawny-edged Skipper,,,,May-Aug
Skippers,Arogos Skipper,,,Jul,Jun-Jul
Skippers,Long Dash,,,,Jun-Aug
Skippers,Woodland Skipper,,Jul-Sep,Jun-Aug,Aug
Skippers,Taxiles Skipper,,,Jun-Sep,Aug-Sep
Skippers,Two-spotted Skipper,,,,Aug
Skippers,Dun Skipper,,,Jun-Aug,
Skippers,Dusted Skipper,,,May-Jul,
Blues,Reakirt's Blue,Aug,Jun-Sep,May,Jun-Jul
Blues,Melissa Blue,,Jun-Aug,Apr-May,May-Jul
Blues,Greenish Blue,Aug-Sep,Jun-Sep,"Jun, Aug-Sep",
Blues,Boisduval's Blue,,Jun-Aug,May,
Blues,Lupine Blue,Jul-Aug,Jun,Jun-Aug,
Blues,Arctic Blue,Aug,Jul,Jun-Jul,
Monarch and Viceroy,Monarch,Aug,Aug,Jul-Aug,Apr-Sep
Monarch and Viceroy,Viceroy,,,,Jun-Aug
Metalmark and Snout,Nais Metalmark,,,Jun-Jul,
Metalmark and Snout,American Snout,,,Jun-Jul,
Fritillaries,Variegated Fritillary,Jul,Jun-Jul,Apr-Sep,Jun-Sep
Fritillaries,Aphrodite Fritillary,,Aug-Sep,Jun-Sep,Jun
Fritillaries,Edwards' Fritillary,Aug,Jul-Aug,Jun-Aug,Jun
Fritillaries,Coronis Fritillary,,Jul-Aug,Jun-Aug,
Fritillaries,Callippe Fritillary,,,Jun-Aug,
Fritillaries,Northwestern Fritillary,,Jul-Aug,Jun-Aug,
Fritillaries,Mormon Fritillary,Jun-Jul,Jun-Jul,Jun-Aug,
Checkerspots and Crescents,Arachne Checkerspot,,Jul,Jun,
Checkerspots and Crescents,Gorgone Checkerspot,,Jul,May-Jul,Jun
Checkerspots and Crescents,Silvery Checkerspot,,Jul-Sep,Jul-Aug,
Checkerspots and Crescents,Northern Checkerspot,,Jun-Aug,May-Jul,
Checkerspots and Crescents,Rockslide Checkerspot,Aug-Sep,,,
Checkerspots and Crescents,Variable Checkerspot,Jul,Jun-Jul,Jun,
Checkerspots and Crescents,Pallid Crescent,,Jun-Jul,"Mar, May-Jul",
Checkerspots and Crescents,Pearl Crescent,,Jun,Apr-Jul,"May, Jul"
Checkerspots and Crescents,Northern Crescent,,Jun-Jul,May-Aug,"May, Jul"
Checkerspots and Crescents,Field Crescent,,Jun-Aug,Apr-Aug,May-Aug
